DNA Change,Cancer Type
chr17:g.58357800delC,Colon
chr3:g.179218303G>A,Colon
chr1:g.6197725delT,Colon
chr10:g.844999delT,Colon
chr3:g.179234297A>G,Colon
chr5:g.112840254_112840255insA,Colon
chrX:g.130056036delC,Colon
chr12:g.25225628C>T,Colon
chr8:g.112228800delA,Colon
chr17:g.7673802C>T,Colon
chr16:g.15708830delG,Colon
chr8:g.102277121delT,Colon
chr3:g.179218294G>A,Colon
chr5:g.112838007C>T,Colon
chr3:g.179199088G>A,Colon
chr3:g.169115469delT,Colon
chr12:g.57466292delG,Colon
chr5:g.112827194C>T,Colon
chr7:g.32975192delC,Colon
chr9:g.134053407delG,Colon
chr13:g.20064537delA,Colon
chr10:g.113165558delA,Colon
chr15:g.44711583delCT,Colon
chr5:g.112839726C>T,Rectum
chr5:g.112839783G>T,Rectum
chr5:g.112839693C>T,Rectum
chr5:g.68293123C>T,Rectum
chr13:g.35196064G>A,Rectum
chr1:g.114713909G>T,Rectum
chr2:g.70088042T>A,Rectum
chr17:g.7673704G>A,Rectum
chr1:g.26779863C>T,Rectum
chr18:g.53305647C>T,Rectum
chr5:g.112792494C>T,Rectum
chr5:g.112840075delA,Rectum
chr5:g.112839558G>T,Rectum
chr4:g.152328232C>T,Rectum
chr17:g.39725079G>A,Rectum
chr10:g.113152362G>A,Rectum
chr5:g.112839576C>T,Rectum
chr2:g.61492337C>T,Rectum
chr17:g.7674230C>T,Rectum
chr12:g.132673261G>A,Rectum
chr3:g.196072067G>A,Rectum
chr9:g.125149867C>T,Rectum
chr7:g.92097631C>A,Rectum
